1;"ACCIUGHE o ALICI";16,80;1,50;2,60;70,00;0,00;96,00
2;"ACCIUGHE o ALICI SOTTO SALE";25,00;0,00;3,10;70,00;0,00;128,00
3;"ACCIUGHE o ALICI SOTT'OLIO";25,90;0,20;11,30;120,00;0,00;206,00
4;"ACETO";0,40;0,60;0,00;0,00;0,00;4,00
5;"ACQUA";0,00;0,00;0,00;0,00;0,00;0,00
6;"ACQUA TONICA";0,00;8,80;0,00;0,00;0,00;33,00
7;"AGAR AGAR";1,60;-2,00;1,20;0,00;81,10;16,00
8;"AGLIO, fresco";0,90;8,40;0,60;0,00;2,30;41,00
9;"AGLIO, in polvere";18,70;42,70;1,20;0,00;9,90;246,00
10;"AGNELLO";20,80;0,00;8,80;71,00;0,00;162,00
11;"AGNELLO, CARNE GRASSA";18,00;0,00;23,00;79,00;0,00;279,00
12;"AGNELLO, CARNE MAGRA";20,00;0,00;4,60;71,00;0,00;121,00
13;"AGNELLO, CARNE SEMIGRASSA";19,00;0,00;15,00;71,00;0,00;211,00
14;"AGNELLO, CORATELLA";15,70;1,20;4,70;240,00;0,00;110,00
15;"AGNELLO, COSTOLETTE";14,60;0,00;36,30;71,00;0,00;386,00
16;"AGRETTI";1,80;2,20;0,20;0,00;2,30;17,00
17;"ALBICOCCHE";0,40;6,80;0,10;0,00;1,50;28,00
18;"ALBICOCCHE, polpa secca";4,80;43,40;0,70;0,00;21,60;188,00
19;"ALCOOL PURO";0,00;0,00;0,00;0,00;0,00;516,00
20;"ALLORO, secco";7,60;48,60;8,40;0,00;26,30;313,00
21;"AMARENE";0,80;10,20;0,00;0,00;1,10;41,00
22;"AMARI A BASSA GRADAZIONE (tra 23 e 30 %vol)";-2,00;32,80;0,00;0,00;0,00;261,00
23;"AMARI AD ALTA GRADAZIONE (superiori a 35 %vol)";-2,00;0,50;0,00;0,00;0,00;232,00
24;"AMIDO";0,40;100,10;0,20;0,00;-2,00;379,00
25;"ANANAS";0,50;10,00;0,00;0,00;1,00;40,00
26;"ANANAS SCIROPPATA";0,30;20,20;-2,00;0,00;0,90;77,00
27;"ANATRA";21,40;0,00;8,20;110,00;0,00;159,00
28;"ANGUILLA DI FIUME";11,80;0,10;23,70;117,00;0,00;261,00
29;"ANGUILLA DI MARE";14,60;0,70;19,60;117,00;0,00;237,00
30;"ANGUILLA MARINATA";14,80;0,60;21,90;117,00;0,00;259,00
31;"APERITIVI (fino a 22 %vol)";-3,00;17,00;0,00;0,00;0,00;186,00
32;"ARACHIDI CRUDE";26,00;11,20;47,20;0,00;7,30;571,00
33;"ARACHIDI TOSTATE";29,00;8,50;50,00;0,00;10,90;597,00
34;"ARACHIDI TOSTATE E SALATE";24,50;7,10;53,00;0,00;6,90;602,00
35;"ARAGOSTA";16,20;1,00;1,90;164,00;0,00;86,00
36;"ARANCE";0,70;7,80;0,20;0,00;1,60;34,00
37;"ARANCE, SCORZA";1,50;14,40;0,20;0,00;10,60;97,00
38;"ARANCIATA IN LATTINA";0,10;10,00;0,00;0,00;0,00;38,00
39;"ARINGA";17,80;0,00;13,20;50,00;0,00;190,00
40;"ARINGA AFFUMICATA";19,90;0,00;12,70;82,00;0,00;194,00
41;"ARINGA MARINATA";18,30;0,00;14,00;42,00;0,00;199,00
42;"ARINGA SALATA";19,80;0,00;15,40;42,00;0,00;218,00
43;"ASIAGO";31,40;-2,00;25,60;90,00;0,00;356,00
44;"ASPARAGI DI BOSCO";4,60;4,00;0,20;0,00;2,60;35,00
45;"ASPARAGI DI CAMPO";3,60;3,30;0,20;0,00;2,10;29,00
46;"ASPARAGI DI SERRA";3,00;3,00;0,10;0,00;2,10;24,00
47;"ASPARAGI IN SCATOLA";2,10;0,90;0,70;0,00;1,60;19,00
48;"ASTICE";18,80;0,50;0,90;95,00;0,00;90,00
49;"AVENA";16,90;55,70;6,90;0,00;10,60;389,00
50;"AVOCADO";4,40;1,80;23,00;0,00;3,30;231,00
51;"BABA' AL RHUM";5,90;41,40;5,70;151,00;0,90;252,00
52;"BABACO";0,70;4,50;0,10;0,00;1,10;21,00
53;"BACCALA', ammollato";21,60;0,00;1,00;50,00;0,00;95,00
54;"BACCALA', secco";29,00;0,00;0,70;82,00;0,00;122,00
55;"BANANA";1,20;15,50;0,30;0,00;1,80;66,00
56;"BARBABIETOLE ROSSE";1,10;4,00;0,00;0,00;2,60;20,00
57;"BASILICO, fresco";3,10;5,10;0,80;0,00;5,20;40,00
58;"BASILICO, secco macinato";14,40;43,20;4,00;0,00;17,80;251,00
59;"BEVANDE GASSATE DIETETICHE";-2,00;4,30;0,00;0,00;0,00;17,00
60;"BIETA";1,30;2,80;0,10;0,00;1,20;17,00
61;"BIETA IN SCATOLA";0,90;5,50;0,10;0,00;1,70;31,00
62;"BIGNE'";4,60;43,00;15,40;189,00;0,50;318,00
63;"BIRRA CHIARA";0,20;3,50;0,00;0,00;0,00;34,00
64;"BIRRA SCURA";0,30;3,00;-2,00;0,00;-2,00;30,00
65;"BISCOTTI AL LATTE";13,80;76,10;8,50;26,00;1,20;417,00
66;"BISCOTTI FROLLINI";7,40;68,50;21,00;74,00;1,50;493,00
67;"BISCOTTI INTEGRALI";8,50;59,50;19,50;9,00;8,00;448,00
68;"BISCOTTI PER L'INFANZIA";13,80;76,10;8,50;0,00;0,20;417,00
69;"BISCOTTI 'PETIT BEURRE'";6,00;84,70;8,20;87,00;0,40;415,00
70;"BISCOTTI RICOPERTI AL CIOCCOLATO";5,70;67,40;27,60;2,00;2,90;524,00
71;"BISCOTTI SAVOIARDO";11,90;69,80;9,20;261,00;1,80;392,00
72;"BISCOTTI WAFERS";7,10;77,60;15,00;24,00;1,60;454,00
73;"BISCOTTO PER LA PRIMA COLAZIONE";6,60;85,40;7,90;128,00;5,70;418,00
74;"BOVINO, CERVELLO";9,80;0,80;12,70;2000,00;0,00;157,00
75;"BOVINO, CUORE";16,80;0,50;6,00;150,00;0,00;123,00
76;"BOVINO, FEGATO";21,00;5,90;4,40;300,00;0,00;146,00
77;"BOVINO, LESSATO IN GELATINA, IN SCATOLA";13,90;0,00;3,50;65,00;0,00;87,00
78;"BOVINO, LINGUA";17,10;0,40;18,00;78,00;0,00;231,00
79;"BOVINO, LINGUA SALMISTRATA";22,50;0,20;18,80;87,00;0,00;260,00
80;"BOVINO, MIDOLLO OSSEO";3,20;0,00;89,90;300,00;0,00;822,00
81;"BOVINO, MILZA";18,50;0,00;3,70;324,00;0,00;107,00
82;"BOVINO, POLMONE";14,00;0,00;2,10;168,00;0,00;75,00
83;"BOVINO, RENE";18,40;0,80;4,60;375,00;0,00;118,00
84;"BOVINO, SANGUE";17,80;0,80;0,10;190,00;0,00;75,00
85;"BOVINO, TRIPPA";15,80;0,00;5,00;64,00;0,00;108,00
86;"BRA";30,70;-2,00;22,80;90,00;0,00;328,00
87;"BRANDY";-2,00;-2,00;0,00;0,00;0,00;224,00
88;"BRESAOLA";34,00;0,00;4,30;65,00;0,00;175,00
89;"BRIE";19,30;-2,00;26,90;100,00;0,00;319,00
90;"BRIOCHES";7,20;58,40;18,30;52,00;2,50;413,00
91;"BRIOCHES CON CREMA";6,90;55,60;17,10;54,00;2,30;391,00
92;"BRIOCHES CON MARMELLATA";6,50;58,40;16,50;47,00;2,50;394,00
93;"BROCCOLETTI DI RAPE";2,90;2,00;0,30;0,00;2,90;22,00
94;"BROCCOLO A TESTA";3,00;3,10;0,40;0,00;3,10;27,00
95;"BRODO DI CARNE E VERDURA";0,70;0,10;0,20;0,00;0,00;5,00
96;"BRODO DI CARNE VARIA";1,10;-2,00;0,20;0,00;-2,00;7,00
97;"BRODO DI DADO";0,30;0,10;0,40;0,00;-2,00;3,00
98;"BRODO DI GALLINA";0,60;0,60;0,50;-2,00;-2,00;9,00
99;"BRODO VEGETALE";0,30;0,30;0,40;0,00;-2,00;5,00
100;"BUCCIA D'ARANCIA CANDITA";0,20;82,70;0,20;0,00;1,10;313,00
101;"BUDINO AL CIOCCOLATO";2,70;21,80;4,00;3,00;1,00;133,00
102;"BUDINO ALLA VANIGLIA";2,30;21,80;3,60;7,00;0,10;130,00
103;"BURRATA";15,20;5,70;34,90;106,00;0,00;396,00
104;"BURRINI";22,10;1,60;47,00;176,00;0,00;517,00
105;"BURRO";0,80;1,10;83,40;250,00;0,00;758,00
106;"BURRO DI ARACHIDI";22,60;13,10;53,70;0,00;6,80;623,00
107;"CACAO AMARO, IN POLVERE";20,40;11,50;25,60;0,00;28,90;355,00
108;"CACAO DOLCE, IN POLVERE, SOLUBILE";4,50;67,70;8,60;0,00;7,30;349,00
109;"CACIOCAVALLO";37,70;2,10;31,10;90,00;0,00;439,00
110;"CACIOCAVALLO AFFUMICATO";37,70;2,10;31,10;90,00;0,00;439,00
111;"CACIOTTA AFFUMICATA";27,70;2,10;27,30;104,00;0,00;364,00
112;"CACIOTTA ROMANA DI PECORA";27,70;2,10;27,30;104,00;0,00;364,00
113;"CACIOTTA TOSCANA";24,60;2,10;29,60;90,00;0,00;373,00
114;"CACIOTTINA FRESCA";17,30;-2,00;21,30;90,00;0,00;261,00
115;"CAFFE' ALL'AMERICANA, in tazza";0,10;0,40;0,00;0,00;0,00;2,00
116;"CAFFE' BAR, in tazza";0,40;0,60;-2,00;0,00;0,00;4,00
117;"CAFFE' CRUDO, in grani";11,20;6,70;13,10;0,00;49,50;190,00
118;"CAFFE' DECAFFEINATO, in tazza";0,40;0,60;-2,00;0,00;0,00;4,00
119;"CAFFE' DECAFFEINATO, TOSTATO, MACINATO";10,40;28,50;15,40;0,00;-3,00;287,00
120;"CAFFE' MOKA, in tazza";0,40;0,60;-2,00;0,00;0,00;4,00
121;"CAFFE' SOLUBILE, DECAFFEINATO, in polvere";13,90;42,60;0,20;0,00;0,00;224,00
122;"CAFFE' SOLUBILE, DECAFFEINATO, in tazza";0,00;-2,00;-2,00;0,00;0,00;-2,00
123;"CAFFE' SOLUBILE, in polvere";20,40;41,10;-2,00;0,00;0,00;223,00
124;"CAFFE' SOLUBILE, in tazza";0,00;-2,00;-2,00;0,00;0,00;-2,00
125;"CAFFE' TOSTATO, MACINATO";10,40;28,50;15,40;0,00;-3,00;287,00
126;"CALAMARO";12,60;0,60;1,70;222,00;0,00;68,00
127;"CALAMARO SURGELATO";13,50;1,00;1,40;200,00;0,00;70,00
128;"CAMEMBERT";20,90;-2,00;23,70;75,00;0,00;297,00
129;"CANDITI";0,50;75,00;0,00;0,00;4,50;283,00
130;"CANNELLA";3,90;55,50;3,20;0,00;24,40;252,00
131;"CANNOLI ALLA CREMA";6,20;42,20;20,70;189,00;1,10;369,00
132;"CAPOCOLLO";20,80;1,40;40,20;66,00;0,00;450,00
133;"CAPPERI SOTT'ACETO";2,60;2,10;0,10;0,00;1,50;20,00
134;"CAPRETTO";19,20;0,00;5,00;56,00;0,00;122,00
135;"CAPRIOLO, COSCIA";22,20;0,00;1,60;50,00;0,00;103,00
136;"CAPRIOLO, SCHIENA";22,40;0,60;3,60;85,00;0,00;122,00
137;"CARAMELLE ALLA FRUTTA";2,80;84,20;0,00;0,00;0,00;327,00
138;"CARAMELLE ALLA MENTA";0,50;102,70;0,70;0,00;0,00;393,00
139;"CARAMELLE DURE";-2,00;91,60;-2,00;0,00;0,00;343,00
140;"CARAMELLE MORBIDE, MOU";2,10;71,10;17,20;17,00;0,00;430,00
141;"CARCIOFI";2,70;2,50;0,20;0,00;5,50;22,00
142;"CARCIOFI SURGELATI";2,60;3,90;0,40;0,00;3,90;38,00
143;"CARCIOFINI SOTT'ACETO";2,90;2,70;0,20;0,00;5,50;18,00
144;"CARCIOFINI SOTT'OLIO";1,80;2,60;5,70;0,00;3,30;68,00
145;"CARDI";0,60;1,70;0,10;0,00;1,50;10,00
146;"CAROTE";1,10;7,60;0,00;0,00;3,10;33,00
147;"CARPA";18,90;0,00;7,10;70,00;0,00;140,00
148;"CASTAGNE";3,50;42,40;1,80;0,00;9,00;189,00
149;"CASTAGNE, secche";4,70;80,90;3,00;0,00;13,10;349,00
150;"CASTRATO , CARNE SEMIGRASSA";16,80;0,00;17,80;77,00;0,00;227,00
151;"CASTRATO, CARNE GRASSA";16,50;0,00;29,50;76,00;0,00;332,00
152;"CASTRATO, CARNE MAGRA";17,00;0,00;6,00;71,00;0,00;122,00
153;"CAVALLO";21,70;0,50;2,70;52,00;0,00;113,00
154;"CAVALLO, CUORE";18,70;0,60;7,70;150,00;0,00;146,00
155;"CAVALLO, FEGATO";22,40;5,30;4,00;300,00;0,00;145,00
156;"CAVIALE";18,90;1,90;18,80;588,00;0,00;252,00
157;"CAVOLFIORE";3,20;2,70;0,20;0,00;2,40;25,00
158;"CAVOLI DI BRUXELLES";4,20;4,30;0,50;0,00;5,20;37,00
159;"CAVOLO BROCCOLO VERDE RAMOSO";3,40;2,00;0,30;0,00;3,10;24,00
160;"CAVOLO CAPPUCCIO ROSSO";1,90;2,70;0,20;0,00;1,00;20,00
161;"CAVOLO CAPPUCCIO VERDE";2,10;2,50;0,10;0,00;2,90;19,00
162;"CECI, secchi";21,80;54,30;4,90;0,00;13,80;334,00
163;"CECI IN SCATOLA";4,30;7,20;1,40;0,00;8,10;56,00
164;"CEDRO CANDITO";0,10;49,40;0,20;0,00;3,30;187,00
165;"CEFALO MUGGINE";15,80;0,70;6,80;61,00;0,00;127,00
166;"CEREALI AGGREGATI";10,70;74,90;2,00;0,00;11,60;342,00
167;"CERNIA";17,90;0,60;0,70;37,00;0,00;80,00
168;"CERNIA DI FONDO";15,60;0,60;6,70;36,00;0,00;125,00
169;"CERNIA SURGELATA";17,00;0,60;2,00;37,00;0,00;88,00
170;"CERTOSINO";17,50;-2,00;22,00;90,00;0,00;268,00
171;"CETRIOLI";0,70;1,80;0,50;0,00;0,60;14,00
172;"CETRIOLI IN SALAMOIA";0,90;2,60;0,10;0,00;1,20;14,00
173;"CETRIOLINI SOTT'ACETO";0,90;2,60;0,10;0,00;1,20;14,00
174;"CHAMPAGNE";0,30;1,40;0,00;0,00;0,00;76,00
175;"CHEDDAR";25,00;0,50;31,00;100,00;0,00;381,00
176;"CHERRY BRANDY";-2,00;32,60;0,00;0,00;0,00;255,00
177;"CICCIOLI";40,80;0,00;40,00;70,00;0,00;523,00
178;"CICORIA";1,40;0,70;0,20;0,00;3,60;10,00
179;"CICORIA CATALOGNA";1,80;3,20;0,50;0,00;3,10;24,00
180;"CICORIA DA TAGLIO";1,20;1,70;0,10;0,00;3,60;12,00
181;"CICORIA WITLOOF";0,70;3,20;0,30;0,00;0,60;17,00
182;"CILIEGE";0,80;9,00;0,10;0,00;1,30;38,00
183;"CIOCCOLATO AL LATTE";8,90;50,80;37,60;28,00;0,80;565,00
184;"CIOCCOLATO BIANCO";8,00;58,30;30,90;23,00;0,80;529,00
185;"CIOCCOLATO CON NOCCIOLE";9,30;45,90;40,10;25,00;1,40;571,00
186;"CIOCCOLATO FONDENTE";5,80;56,70;34,00;0,00;1,40;542,00
187;"CIOCCOLATO GIANDUIA";13,10;52,70;28,80;0,00;2,50;509,00
188;"CIPOLLE";1,00;5,70;0,10;0,00;1,10;26,00
189;"CIPOLLE, secche";10,20;68,60;1,70;0,00;13,00;313,00
190;"CIPOLLINE";1,30;8,50;0,10;0,00;1,70;38,00
191;"CIPOLLINE SOTT'ACETO";0,90;4,90;0,20;0,00;1,30;24,00
192;"COCA COLA";-2,00;10,50;0,00;0,00;0,00;39,00
193;"COCOMERO";0,40;3,70;0,00;0,00;0,20;15,00
194;"COGNAC";-2,00;0,90;0,00;0,00;0,00;214,00
195;"CONFETTI";5,20;71,90;16,70;0,00;4,60;441,00
196;"CONIGLIO, CARNE SEMIGRASSA";22,10;0,50;5,30;65,00;0,00;138,00
197;"CONIGLIO, CARNE GRASSA";18,10;0,40;14,40;65,00;0,00;203,00
198;"CONIGLIO, CARNE MAGRA";23,70;0,60;0,60;65,00;0,00;102,00
199;"CONIGLIO, FRATTAGLIE";18,70;0,40;7,90;225,00;0,00;147,00
200;"CONO PER GELATO";10,10;78,80;3,30;0,00;3,00;366,00
201;"COPPA";17,00;0,00;47,30;66,00;0,00;494,00
202;"COPPA PARMA";23,60;0,60;33,50;96,00;0,00;398,00
203;"CORNED BEEF IN SCATOLA";23,20;0,00;14,00;108,00;0,00;219,00
204;"COTECHINO";17,20;0,00;42,30;98,00;0,00;450,00
205;"COTECHINO, cotto";21,10;0,00;24,70;98,00;0,00;306,00
206;"COZZA O MITILO";11,70;3,40;2,70;108,00;0,00;84,00
207;"CRACKERS AL FORMAGGIO";9,80;62,10;25,50;13,00;2,80;502,00
208;"CRACKERS INTEGRALI";8,80;58,10;17,20;0,00;10,50;443,00
209;"CRACKERS NON SALATI";9,50;68,30;16,30;0,00;6,10;440,00
210;"CRACKERS SALATI";9,40;80,10;10,00;0,00;2,80;428,00
211;"CRACKERS SENZA GRASSI";10,50;79,60;1,60;0,00;2,70;393,00
212;"CRACOTTE";10,50;78,80;1,20;0,00;9,20;348,00
213;"CRAUTI";1,50;4,00;0,30;0,00;1,10;24,00
214;"CREMA DI CACAO E NOCCIOLE";6,90;58,10;32,40;2,00;1,20;537,00
215;"CREMA PER PASTICCERIA";4,80;30,70;6,40;68,00;0,20;192,00
216;"CREME CARAMEL";3,00;20,60;2,20;12,00;0,10;109,00
217;"CRESCIONE";3,00;0,40;1,00;0,00;3,00;22,00
218;"CROSTATA CON MARMELLATA";4,90;65,50;8,20;52,00;1,60;339,00
219;"CRUSCA DI GRANO";14,10;26,80;5,50;0,00;39,60;206,00
220;"CUMINO, SEMI";17,80;33,70;22,30;0,00;10,50;375,00
221;"DADI PER BRODO";15,70;5,00;18,70;10,00;0,20;152,00
222;"DADI PER BRODO VEGETALE";13,50;11,60;17,30;0,00;-2,00;253,00
223;"DAIKON";0,80;2,90;0,10;0,00;1,50;15,00
224;"DATTERI, freschi";1,50;31,30;0,10;0,00;3,60;124,00
225;"DATTERI, secchi";2,70;63,10;0,60;0,00;8,70;253,00
226;"DENTICE";16,70;0,70;3,50;70,00;0,00;101,00
227;"DENTICE SURGELATO";17,20;0,70;3,50;70,00;0,00;103,00
228;"DOLCE VERDE";19,10;2,50;20,00;90,00;0,00;266,00
229;"DOLCIFICANTE A BASE DI SACCARINA";0,00;98,60;0,00;0,00;0,00;397,00
230;"DOLCIFICANTE ASPARTAME";0,00;97,50;0,00;0,00;0,00;400,00
231;"DOLCIFICANTE FRUTTOSIO";0,00;99,50;0,00;0,00;0,00;400,00
232;"DOLCIFICANTE SACCARINA";0,00;0,00;0,00;0,00;0,00;0,00
233;"EDAM STAGIONATO";29,00;1,00;25,00;102,00;0,00;345,00
234;"EDAM, FRESCO";26,00;1,00;22,00;102,00;0,00;306,00
235;"EMMENTHAL";28,50;3,60;30,60;100,00;0,00;403,00
236;"ERBA CIPOLLINA, fresca";2,80;1,70;0,60;0,00;1,90;23,00
237;"ESTRATTO DI CARNE BOVINA";54,00;0,00;0,40;2,00;0,90;219,00
238;"FAGIANO";24,30;0,00;5,20;71,00;0,00;144,00
239;"FAGIOLI";6,40;19,40;0,60;0,00;10,60;104,00
240;"FAGIOLI ADUKI, secchi";19,90;50,10;0,50;0,00;11,10;272,00
241;"FAGIOLI IN SCATOLA";4,10;6,30;0,50;0,00;6,80;43,00
242;"FAGIOLI MUNG, secchi";23,90;46,30;1,10;0,00;13,90;279,00
243;"FAGIOLI, secchi";23,60;51,70;2,50;0,00;17,00;311,00
244;"FAGIOLINI";2,10;2,40;0,10;0,00;2,90;17,00
245;"FAGIOLINI IN SCATOLA";1,50;4,10;0,10;0,00;2,60;22,00
246;"FARAONA";23,40;0,00;6,50;74,00;0,00;158,00
247;"FARAONA, COSCIA";24,30;0,20;1,80;70,00;0,00;114,00
248;"FARAONA, PETTO";25,10;0,00;0,70;57,00;0,00;107,00
249;"FARINA DI AVENA";12,60;72,90;7,10;0,00;7,60;388,00
250;"FARINA DI CASTAGNE";5,80;71,60;3,70;0,00;10,90;323,00
251;"FARINA DI CECI";21,80;54,30;4,90;0,00;13,80;334,00
252;"FARINA DI COCCO";5,60;6,40;62,00;0,00;21,10;604,00
253;"FARINA DI FRUMENTO, INTEGRALE";11,90;68,40;1,90;0,00;9,60;321,00
254;"FARINA DI FRUMENTO, TIPO 0";11,50;76,90;1,00;0,00;3,50;343,00
255;"FARINA DI FRUMENTO, TIPO 00";11,00;78,00;0,70;0,00;2,50;343,00
256;"FARINA DI GRANO DURO";12,60;61,10;2,80;0,00;3,50;304,00
257;"FARINA DI GRANO SARACENO";8,10;84,90;1,50;0,00;2,10;364,00
258;"FARINA DI MAIS";8,70;81,50;2,70;0,00;2,60;365,00
259;"FARINA DI ORZO";10,60;80,00;1,90;0,00;14,80;360,00
260;"FARINA DI RISO";7,30;87,80;0,50;0,00;0,70;363,00
261;"FARINA DI SEGALE, integrale";8,20;75,90;2,00;0,00;11,70;335,00
262;"FARINA DI SEGALE, semi-integrale";8,30;67,80;1,30;0,00;8,00;316,00
263;"FARINA DI SOIA, a basso contenuto lipidico";45,30;28,20;7,20;0,00;13,30;352,00
264;"FARINA DI SOIA, intera";36,80;23,50;23,50;0,00;10,70;447,00
265;"FARINA LATTEA";13,20;81,50;6,30;-3,00;0,00;415,00
266;"FAVE";5,40;4,20;0,20;0,00;5,10;37,00
267;"FAVE SECCHE";27,20;55,30;3,00;0,00;7,00;342,00
268;"FETA";15,60;1,50;20,20;70,00;0,00;250,00
269;"FETTE BISCOTTATE";11,30;83,00;6,00;4,00;3,50;410,00
270;"FETTE BISCOTTATE, DOLCI";10,50;81,60;6,20;0,00;3,50;404,00
271;"FETTE BISCOTTATE, INTEGRALI";11,20;74,10;5,20;0,00;11,00;365,00
272;"FETTE BISCOTTATE, VITAMINIZZATE";11,30;83,00;6,00;4,00;3,50;410,00
273;"FETTE DI SEGALE INTEGRALI";7,90;65,70;1,30;0,00;16,50;366,00
274;"FICHI";0,90;11,20;0,20;0,00;2,00;47,00
275;"FICHI D'INDIA";0,80;13,00;0,10;0,00;5,00;53,00
276;"FICHI SECCATI AL FORNO E MANDORLATI";5,20;58,20;4,20;0,00;10,40;277,00
277;"FICHI SECCATI AL SOLE";3,60;52,90;2,10;0,00;18,50;232,00
278;"FICHI SECCHI";3,50;58,00;2,70;0,00;10,40;242,00
279;"FINOCCHIO";1,20;1,00;0,00;0,00;2,20;9,00
280;"FINOCCHIO, SEMI";15,80;12,50;14,90;0,00;39,80;345,00
281;"FIOCCHI DI AVENA";8,00;73,50;7,50;0,00;8,30;395,00
282;"FIOCCHI DI CRUSCA DI GRANO";10,20;69,70;1,90;0,00;17,30;319,00
283;"FIOCCHI DI LATTE MAGRO";11,70;2,60;5,30;13,00;0,00;102,00
284;"FIOCCHI DI MAIS (CORNFLAKES)";6,60;88,10;0,80;0,00;3,80;364,00
285;"FIOCCHI DI RISO";6,60;77,50;1,20;0,00;2,20;346,00
286;"FIOCCHI D'ORZO";10,60;80,00;1,90;0,00;14,80;360,00
287;"FIOR DI LATTE";20,60;-2,00;20,30;90,00;0,00;265,00
288;"FIORI DI ZUCCA";1,70;0,50;0,40;0,00;0,50;12,00
289;"FOCACCIA";8,40;40,70;11,80;0,00;4,90;292,00
290;"FOGLIE DI RAPA";2,60;2,80;0,10;0,00;2,40;22,00
291;"FONTINA";24,50;0,80;26,90;80,00;0,00;343,00
292;"FORMAGGINO";11,20;6,00;26,90;93,00;0,00;309,00
293;"FORMAGGINO, a basso tenore di lipidi";14,70;6,50;17,30;64,00;0,00;239,00
294;"FORMAGGIO AL GORGONZOLA E AL MASCARPONE";13,50;0,10;39,10;91,00;0,00;406,00
295;"FORMAGGIO SPALMABILE (tipo Philadelphia)";8,60;-2,00;31,00;90,00;0,00;313,00
296;"FRAGOLE";0,90;5,30;0,40;0,00;1,60;27,00
297;"FRUMENTO DURO";13,00;63,00;2,90;0,00;12,60;314,00
298;"FRUMENTO TENERO";12,30;65,80;2,60;0,00;1,70;319,00
299;"FUNGHI CHIODINI";2,10;0,10;0,70;0,00;6,80;15,00
300;"FUNGHI GALLINACCI";1,60;0,20;0,50;0,00;4,70;11,00
301;"FUNGHI GALLINACCI, secchi";16,50;1,80;2,20;0,00;60,50;93,00
302;"FUNGHI IN SCATOLA";3,00;3,00;0,40;0,00;2,40;27,00
303;"FUNGHI OVULI";2,00;1,90;0,30;0,00;1,70;18,00
304;"FUNGHI PORCINELLI";3,10;1,60;0,60;0,00;6,50;24,00
305;"FUNGHI PORCINI";3,90;1,40;0,70;0,00;2,50;27,00
306;"FUNGHI PRATAIOLI, COLTIVATI";2,30;1,90;0,40;0,00;1,70;20,00
307;"FUNGHI SECCHI";40,60;15,60;4,60;0,00;10,00;147,00
308;"FUNGHI SHIITAKE, secchi";16,30;63,90;1,00;0,00;11,50;296,00
309;"FUNGHI SOTT'OLIO";3,30;-2,00;3,90;0,00;1,60;48,00
310;"FUNGHI SPUGNOLI";1,70;1,90;0,30;0,00;7,00;17,00
311;"GALLINA";20,90;0,20;12,30;89,00;0,00;195,00
312;"GAMBERETTI DI LAGO";17,10;0,00;4,10;105,00;0,00;105,00
313;"GAMBERETTI SURGELATI";13,60;-2,00;1,00;178,00;0,00;63,00
314;"GAMBERO";13,60;2,90;0,60;150,00;0,00;71,00
315;"GELATINA ALIMENTARE, secca";88,30;0,00;0,10;0,00;0,00;354,00
316;"GELATO AL CIOCCOLATO";3,80;27,00;11,00;34,00;1,20;216,00
317;"GELATO ALLA FRUTTA";3,50;24,70;8,00;26,00;0,00;179,00
318;"GELATO FIOR DI LATTE";4,20;20,70;13,70;40,00;0,00;218,00
319;"GERME DI GRANO";28,00;55,00;10,00;0,00;15,60;416,00
320;"GERMOGLI DI ERBA MEDICA";4,00;0,40;0,70;0,00;1,70;24,00
321;"GHIACCIOLO ALL'ARANCIO";0,00;36,50;0,00;0,00;0,00;137,00
322;"GIARDINIERA SOTT'ACETO";0,40;0,60;0,30;0,00;1,80;7,00
323;"GIARDINIERA SOTT'OLIO";2,60;1,30;4,80;0,00;2,50;58,00
324;"GIRASOLE, SEMI";19,80;18,60;47,50;0,00;6,20;581,00
325;"GOMME DA MASTICARE";0,00;96,70;0,30;0,00;0,00;341,00
326;"GORGONZOLA";19,40;0,10;31,20;87,00;0,00;359,00
327;"GORGONZOLA CON LE NOCI";19,30;0,40;32,50;84,00;0,30;371,00
328;"GOUDA FRESCO";23,00;-2,00;28,00;100,00;0,00;344,00
329;"GOUDA STAGIONATO";25,00;-2,00;29,00;100,00;0,00;361,00
330;"GRANA";35,50;3,70;25,00;85,00;0,00;381,00
331;"GRANCHIO";18,10;-2,00;1,10;78,00;0,00;87,00
332;"GRANCHIO, POLPA IN SCATOLA";18,10;-2,00;0,50;72,00;0,00;77,00
333;"GRANITA DI LIMONE";-2,00;28,40;0,00;0,00;0,00;106,00
334;"GRANITO DI TENERO";9,20;82,30;1,00;0,00;2,50;354,00
335;"GRAPPA";-2,00;-2,00;0,00;0,00;0,00;235,00
336;"GRISSINI";12,30;69,00;13,90;6,00;3,50;433,00
337;"GRISSINI INTEGRALI";8,80;58,10;17,20;0,00;10,50;443,00
338;"GROVIERA";30,60;1,50;29,00;87,00;0,00;388,00
339;"HALIBUT";20,80;0,00;2,30;32,00;0,00;110,00
340;"INDIVIA";0,90;2,70;0,30;0,00;1,60;16,00
341;"INSALATA DI RISO";5,90;16,10;11,50;34,00;1,30;187,00
342;"IRISH MOSS, fresca";1,50;-2,00;0,20;0,00;12,30;8,00
343;"ITALICO (tipo Bel Paese)";25,40;0,10;30,20;90,00;0,00;374,00
344;"KAKI O LOTI";0,60;16,00;0,30;0,00;2,50;65,00
345;"KIWI";1,20;9,00;0,60;0,00;2,60;44,00
346;"KOMBU, secca";7,10;-2,00;1,60;0,00;58,70;43,00
347;"LAMPONI";1,00;6,50;0,60;0,00;7,40;34,00
348;"LARDO";-2,00;0,00;99,00;95,00;0,00;891,00
349;"LATTE DI BUFALA";4,40;5,10;7,30;19,00;0,00;102,00
350;"LATTE DI CAPRA";3,90;4,70;4,30;12,00;0,00;72,00
351;"LATTE DI MANDORLE";0,60;2,40;1,50;0,00;0,40;25,00
352;"LATTE DI PECORA";5,30;5,20;6,90;13,00;0,00;103,00
353;"LATTE DI SOIA";2,90;0,80;1,90;0,00;0,00;32,00
354;"LATTE DI VACCA, CONDENSATO, CON ZUCCHERO";8,70;56,50;9,00;34,00;0,00;327,00
355;"LATTE DI VACCA, INTERO";3,10;4,80;3,40;14,00;0,00;61,00
356;"LATTE DI VACCA, INTERO UHT";3,20;4,70;3,40;14,00;0,00;61,00
357;"LATTE DI VACCA, INTERO VITAMINIZZATO";3,10;5,00;3,00;14,00;0,00;58,00
358;"LATTE DI VACCA, INTERO, IN POLVERE";25,70;42,00;24,90;109,00;0,00;484,00
359;"LATTE DI VACCA, PARZIALMENTE SCREMATO";3,50;5,00;1,80;7,00;0,00;49,00
360;"LATTE DI VACCA, PARZIALMENTE SCREMATO UHT";3,60;4,90;1,80;7,00;0,00;49,00
361;"LATTE DI VACCA, PARZIALMENTE SCREMATO VITAMINIZZAT";3,10;5,00;1,50;6,00;0,00;45,00
362;"LATTE DI VACCA, PARZIALMENTE SCREMATO, IN POLVERE";28,80;50,20;12,70;66,00;0,00;418,00
363;"LATTE DI VACCA, SCREMATO";3,60;5,30;0,20;2,00;0,00;36,00
364;"LATTE DI VACCA, SCREMATO IN POLVERE";33,10;56,20;0,90;22,00;0,00;351,00
365;"LATTE DI VACCA, SCREMATO UHT";3,70;5,20;0,20;2,00;0,00;36,00
366;"LATTE EVAPORATO";8,40;8,50;9,40;34,00;0,00;151,00
367;"LATTERIA";30,70;-2,00;36,40;100,00;0,00;450,00
368;"LATTERINI";14,60;-2,00;9,60;60,00;0,00;145,00
369;"LATTUGA";1,80;2,20;0,40;0,00;1,50;19,00
370;"LATTUGA A CAPPUCCIO";1,50;3,00;0,20;0,00;1,30;19,00
371;"LATTUGA DA TAGLIO";1,10;2,20;0,10;0,00;1,90;14,00
372;"LENTICCHIE, secche";25,00;54,00;2,50;0,00;13,70;325,00
373;"LENTICCHIE IN SCATOLA";5,00;10,70;0,40;0,00;5,30;61,00
374;"LEPRE, COSCIO";22,80;0,00;3,20;81,00;0,00;121,00
375;"LIEVITO DI BIRRA, COMPRESSO";12,10;1,10;0,40;0,00;6,90;56,00
376;"LIMETTE";0,70;8,80;0,30;0,00;3,30;38,00
377;"LIMONE�";0,60;2,30;0,00;0,00;5,20;11,00
378;"LIMONE, SCORZA";1,50;16,00;0,30;0,00;4,70;69,00
379;"LINO, SEMI";24,50;0,00;31,00;0,00;34,80;373,00
380;"LIQUIRIZIA DOLCE";3,70;76,70;5,20;0,00;2,00;349,00
381;"LIQUORI DA DESSERT (tra 31 e 35 %vol)";-2,00;31,00;0,00;0,00;0,00;313,00
382;"LUCCIO";18,70;0,00;0,60;34,00;0,00;80,00
383;"LUMACA�";12,90;7,80;1,70;65,00;0,00;98,00
384;"LUMACHE DI MARE�";23,80;7,80;0,40;65,00;0,00;137,00
385;"LUPINI DEAMARIZZATI";16,40;7,20;2,40;0,00;4,80;114,00
386;"MACEDONIA DI FRUTTA IN SCATOLA";0,40;14,80;-2,00;0,00;1,00;57,00
387;"MAGGIORANA, secca";12,70;42,50;7,00;0,00;18,10;271,00
388;"MAIONESE";4,20;2,20;70,00;70,00;0,00;655,00
389;"MAIS";9,20;75,80;3,80;0,00;2,90;355,00
390;"MAIS DOLCE IN SCATOLA";2,90;26,60;1,20;0,00;3,90;122,00
391;"MAIS DOLCE, crudo";3,40;17,00;1,80;0,00;3,30;93,00
392;"MANDARANCI e CLEMENTINE";0,80;12,80;0,20;0,00;2,20;53,00
393;"MANDARINI";0,90;17,60;0,30;0,00;1,70;72,00
394;"MANDORLE DOLCI";16,00;4,00;51,50;0,00;14,30;542,00
395;"MANGO";0,70;14,10;0,20;0,00;2,90;57,00
396;"MARGARINA";0,60;0,40;84,00;50,00;0,00;760,00
397;"MARGARINA VEGETALE";-2,00;0,20;82,80;0,00;0,00;746,00
398;"MARMELLATA (ALBIC.,FICHI,MELE COT.,PESCHE, PRUGNE]";0,60;55,20;-2,00;0,00;2,20;209,00
399;"MARMELLATA (AMARENE,CILIEGE,UVA,MARASCHE)";0,60;62,30;-2,00;0,00;2,40;236,00
400;"MARMELLATA (NORMALI E TIPO FRUTTA VIVA)";0,50;58,70;-2,00;0,00;2,20;222,00
401;"MARMELLATA A RIDOTTO TENORE DI ZUCCHERO";0,50;31,90;0,10;0,00;0,80;123,00
402;"MARMELLATA DI ALBICOCCHE";0,70;63,20;0,20;0,00;1,20;242,00
403;"MARMELLATA DI ARANCE";0,10;69,50;0,00;0,00;0,70;261,00
404;"MARMELLATA DI PRUGNE";2,10;31,20;0,60;0,00;2,60;134,00
405;"MARSALA ALL'UOVO";-3,00;12,40;-2,00;-3,00;0,00;150,00
406;"MARSALA TIPICO";0,10;28,00;0,00;0,00;0,00;205,00
407;"MASCARPONE";7,60;-2,00;47,00;95,00;0,00;453,00
408;"MELA";0,20;11,00;0,30;0,00;2,00;45,00
409;"MELA COTOGNA";0,30;6,30;1,00;0,00;5,90;34,00
410;"MELA, polpa secca";0,90;57,20;0,30;0,00;8,70;243,00
411;"MELAGRANE";0,50;15,90;0,20;0,00;2,20;63,00
412;"MELANZANE";1,10;2,60;0,10;0,00;2,60;15,00
413;"MELANZANE SOTT'OLIO";1,10;2,50;4,00;0,00;2,50;49,00
414;"MELONE D'ESTATE";0,80;7,40;0,20;0,00;0,90;33,00
415;"MELONE D'INVERNO";0,50;4,90;0,20;0,00;0,70;22,00
416;"MELU' O PESCE MOLO";17,40;0,00;0,30;50,00;0,00;72,00
417;"MENTA, fresca";3,80;5,30;0,70;0,00;5,60;43,00
418;"MENTA, secca";24,80;34,60;4,60;0,00;44,70;279,00
419;"MERENDINE AL CIOCCOLATO";6,50;60,00;9,50;46,00;2,80;352,00
420;"MERENDINE CON MARMELLATA";5,50;69,80;8,30;188,00;1,00;359,00
421;"MERENDINE FARCITE";6,20;67,60;15,10;152,00;1,00;414,00
422;"MERENDINE TIPO PAN DI SPAGNA";8,30;60,90;22,30;128,00;2,50;463,00
423;"MERINGA";5,30;95,40;-2,00;0,00;0,00;379,00
424;"MERLUZZO";17,00;0,00;0,30;50,00;0,00;71,00
425;"MERLUZZO SURGELATO";17,30;0,00;0,60;39,00;0,00;75,00
426;"MIELE";0,60;80,30;0,00;0,00;0,00;303,00
427;"MIRTILLO NERO";0,60;6,90;0,20;0,00;2,50;30,00
428;"MISO";13,30;23,50;6,20;0,00;5,40;203,00
429;"MONTASIO";30,30;-2,00;32,20;100,00;0,00;411,00
430;"MORA DI GELSO";1,30;8,10;-2,00;0,00;1,70;36,00
431;"MORA DI ROVO";1,30;5,70;-2,00;0,00;7,30;26,00
432;"MORTADELLA DI SUINO";14,70;1,50;28,10;70,00;0,00;317,00
433;"MORTADELLA DI SUINO E BOVINO";13,30;0,50;37,00;70,00;0,00;388,00
434;"MOZZARELLA";19,90;4,90;16,10;50,00;0,00;243,00
435;"MOZZARELLA DI BUFALA";15,70;3,30;18,30;56,00;0,00;240,00
436;"MUESLI";10,60;71,10;5,90;0,00;8,10;364,00
437;"NATTO";17,70;9,00;11,00;0,00;5,40;212,00
438;"NESPOLE";0,40;6,10;0,40;0,00;2,10;28,00
439;"NOCCIOLE";13,00;1,80;62,90;0,00;6,70;625,00
440;"NOCE DI COCCO";3,20;3,70;36,00;0,00;12,20;351,00
441;"NOCE MOSCATA";8,80;26,30;29,00;0,00;23,70;395,00
442;"NOCI, fresche";10,50;5,50;57,70;0,00;5,20;582,00
443;"NOCI, secche";15,80;6,30;63,70;0,00;6,20;660,00
444;"NORI, secca";30,70;-2,00;1,50;0,00;44,40;136,00
445;"OCA";15,80;0,00;34,40;80,00;0,00;373,00
446;"OLIO DI COCCO";-2,00;0,00;99,90;0,00;0,00;899,00
447;"OLIO DI COLZA";-2,00;0,00;99,90;0,00;0,00;899,00
448;"OLIO DI GERME DI GRANO";-2,00;0,00;99,90;0,00;0,00;899,00
449;"OLIO DI MAIS VITAMINIZZATO";-2,00;0,00;99,90;0,00;0,00;899,00
450;"OLIO DI OLIVA";0,00;0,00;100,00;0,00;0,00;900,00
451;"OLIO DI OLIVA EXTRAVERGINE";0,00;0,00;100,00;0,00;0,00;900,00
452;"OLIO DI OLIVA VITAMINIZZATO";0,00;0,00;100,00;0,00;0,00;900,00
453;"OLIO DI PALMA";-2,00;0,00;99,90;0,00;0,00;899,00
454;"OLIO DI SEMI DI ARACHIDI";0,00;0,00;100,00;0,00;0,00;900,00
455;"OLIO DI SEMI DI GIRASOLE";-2,00;0,00;99,90;0,00;0,00;899,00
456;"OLIO DI SEMI DI MAIS";-2,00;0,00;99,90;0,00;0,00;899,00
457;"OLIO DI SEMI VARI";0,00;0,00;100,00;0,00;0,00;900,00
458;"OLIO DI SESAMO";0,20;0,00;99,70;0,00;0,00;898,00
459;"OLIO DI SOIA";-2,00;0,00;99,90;0,00;0,00;899,00
460;"OLIO DI VINACCIOLO";-2,00;0,00;99,90;0,00;0,00;899,00
461;"OLIVE DA TAVOLA, CONSERVATE";1,50;5,00;27,00;0,00;2,40;268,00
462;"OLIVE NERE";1,60;0,80;25,10;0,00;2,40;234,00
463;"OLIVE VERDI";0,80;1,00;15,00;0,00;4,40;142,00
464;"OMBRINA SURGELATA";17,20;0,80;0,70;57,00;0,00;78,00
465;"ORATA, SURGELATA";19,80;0,00;1,20;70,00;0,00;90,00
466;"ORIGANO, fresco";2,20;9,70;2,00;0,00;8,40;66,00
467;"ORIGANO, secco macinato";11,00;49,50;10,30;0,00;42,80;306,00
468;"ORTICA";5,90;1,30;0,70;0,00;4,10;36,00
469;"ORZO, PERLATO";10,40;70,50;1,40;0,00;9,10;318,00
470;"ORZO SOLUBILE O CAFFE' D'ORZO, in polvere";5,50;80,90;3,40;0,00;0,10;372,00
471;"ORZO SOLUBILE O CAFFE' D'ORZO, in tazza";0,10;1,00;-2,00;0,00;0,00;5,00
472;"OSTRICA";10,20;5,40;0,90;98,00;0,00;69,00
473;"OVINO, CUORE";16,90;0,40;7,20;180,00;0,00;134,00
474;"OVINO, FEGATO";19,50;2,00;5,50;300,00;0,00;135,00
475;"PALOMBO";16,00;1,30;1,20;70,00;0,00;80,00
476;"PAN DI SPAGNA";8,50;59,40;6,40;185,00;1,20;314,00
477;"PANCARRE' AMERICANO COMUNE";8,20;46,90;3,60;1,00;2,30;267,00
478;"PANCETTA AFFUMICATA O BACON";15,80;0,00;23,60;65,00;0,00;276,00
479;"PANCETTA COPPATA";20,90;0,70;34,20;73,00;0,00;394,00
480;"PANCETTA DI MAIALE";8,40;1,00;69,30;101,00;0,00;661,00
481;"PANCETTA MAGRETTA";21,70;0,00;25,30;65,00;0,00;314,00
482;"PANCETTA TESA";20,90;0,00;28,10;80,00;0,00;337,00
483;"PANE AL LATTE";8,60;64,90;7,60;11,00;3,10;347,00
484;"PANE ALLE OLIVE";7,00;52,60;6,70;0,00;3,80;286,00
485;"PANE COMUNE, pezzatura da 250g";8,10;64,70;0,20;0,00;2,80;279,00
486;"PANE CONDITO";13,30;56,90;3,40;7,00;7,30;284,00
487;"PANE DI GRANO DURO";10,10;49,10;2,30;0,00;9,80;245,00
488;"PANE DI GRANO E SEGALE";6,20;47,70;1,10;0,00;4,60;226,00
489;"PANE DI SEGALE";8,30;45,80;1,70;0,00;5,80;219,00
490;"PANE DI SEGALE BISCOTTATO";9,40;46,70;3,60;0,00;6,40;284,00
491;"PANE DI SOIA";12,00;41,70;6,80;0,00;4,50;276,00
492;"PANE GRATTUGIATO";11,60;77,50;1,90;0,00;3,40;354,00
493;"PANE INTEGRALE";7,50;53,80;1,30;0,00;5,70;243,00
494;"PANE TOSTATO";8,80;69,20;0,50;0,00;4,10;298,00
495;"PANE, TIPO 0, pezzatura da 100g";8,10;64,00;0,50;0,00;3,80;276,00
496;"PANE, TIPO 00, pezzatura da 50g";8,20;67,50;0,40;0,00;3,00;290,00
497;"PANE, TIPO 1, pezzatura > 500g";8,90;60,30;0,60;0,00;3,80;267,00
498;"PANETTONE";6,40;56,50;10,70;112,00;2,80;334,00
499;"PANINI ALL'OLIO";7,70;58,30;5,80;0,00;3,70;302,00
500;"PANNA, 20% di lipidi (da cucina)";2,80;3,90;20,00;66,00;0,00;206,00
501;"PANNA, 30% di lipidi";2,60;3,20;30,00;90,00;0,00;292,00
502;"PANNA, 35% di lipidi";2,30;3,40;35,00;105,00;0,00;337,00
503;"PANNA, a basso contenuto di colesterolo";2,80;3,90;20,00;16,00;0,00;206,00
504;"PAPAYA";0,50;8,80;0,10;0,00;2,30;36,00
505;"PAPRIKA, in polvere";14,80;34,80;13,00;0,00;20,90;306,00
506;"PARMIGIANO";36,00;-2,00;25,60;95,00;0,00;374,00
507;"PASTA ALL'UOVO, fresca";11,80;63,20;2,80;91,00;2,90;309,00
508;"PASTA ALL'UOVO, secca";13,00;78,60;2,40;94,00;3,20;368,00
509;"PASTA DI MANDORLE";8,00;54,30;25,80;0,00;7,20;467,00
510;"PASTA DI OLIVE";1,40;4,50;34,30;0,00;2,20;331,00
511;"PASTA DI SEMOLA";10,80;82,80;0,30;0,00;2,60;356,00
512;"PASTA DI SEMOLA INTEGRALE";13,40;66,20;2,50;0,00;11,50;324,00
513;"PASTA FROLLA";7,70;61,30;24,30;224,00;1,70;480,00
514;"PASTA SFOGLIA";5,60;45,90;40,60;15,00;1,60;560,00
515;"PASTI DIETETICI SOSTITUTIVI";26,00;41,50;9,40;0,00;13,50;355,00
516;"PASTICCINI AL COCCO";3,60;70,40;12,70;0,00;1,80;404,00
517;"PASTORELLA";26,90;-2,00;28,50;117,00;0,00;364,00
518;"PATATE";2,10;18,00;1,00;0,00;1,60;85,00
519;"PATATE DOLCI";1,20;21,30;0,30;0,00;2,30;87,00
520;"PATATE NOVELLE";2,00;15,80;0,00;0,00;1,40;67,00
521;"PATATE, FECOLA";1,40;91,50;0,00;0,00;0,00;349,00
522;"PATATE, POLVERE ISTANTANEA";9,10;73,20;0,80;0,00;16,50;318,00
523;"PATATINE IN SACCHETTO";7,00;51,20;34,60;0,00;4,50;536,00
524;"PECORA";17,00;0,00;25,00;79,00;0,00;293,00
525;"PECORINO";28,50;-2,00;28,00;104,00;0,00;366,00
526;"PECORINO DA GRATTUGIARE";29,50;-2,00;28,90;104,00;0,00;378,00
527;"PECORINO ROMANO";28,30;-2,00;29,50;104,00;0,00;379,00
528;"PECORINO, FRESCO";26,00;-2,00;25,40;70,00;0,00;332,00
529;"PEPE NERO";10,90;38,30;3,30;0,00;26,50;255,00
530;"PEPERONCINI PICCANTI";1,80;3,80;0,50;0,00;1,90;25,00
531;"PEPERONI DOLCI";0,90;4,20;0,30;0,00;1,90;22,00
532;"PEPERONI GIALLI";0,90;5,00;0,30;0,00;0,90;22,00
533;"PEPERONI SOTT'ACETO";0,80;1,70;0,60;0,00;1,90;15,00
534;"PERA";0,30;9,50;0,40;0,00;2,80;41,00
535;"PESCA";0,80;6,10;0,10;0,00;2,10;27,00
536;"PESCA SCIROPPATA";0,40;22,90;-2,00;0,00;1,00;87,00
537;"PESCE PERSICO";15,40;-2,00;1,50;70,00;0,00;75,00
538;"PESCE SPADA";16,90;1,00;4,20;70,00;0,00;109,00
539;"PICCIONE ADULTO";18,40;0,30;12,50;77,00;0,00;187,00
540;"PICCIONE GIOVANE";22,10;0,00;5,50;90,00;0,00;138,00
541;"PINOLI";29,60;5,00;47,80;0,00;1,90;567,00
542;"PISELLI, freschi";7,00;12,40;0,20;0,00;5,20;76,00
543;"PISELLI IN SCATOLA";5,80;6,80;0,80;0,00;9,70;53,00
544;"PISELLI IN SCATOLA SGOCCIOLATI";5,80;6,80;0,80;0,00;9,70;53,00
545;"PISELLI SURGELATI";5,70;7,50;0,40;0,00;7,80;54,00
546;"PISELLI, secchi";21,70;53,60;2,00;0,00;15,70;306,00
547;"PISTACCHI, freschi";12,80;16,40;32,60;0,00;1,50;390,00
548;"PISTACCHI, secchi";20,60;14,00;48,40;0,00;10,80;577,00
549;"PISTACCHI, tostati e salati";17,90;8,20;55,40;0,00;6,10;601,00
550;"PIZZA CON POMODORO";4,00;51,90;4,00;0,00;3,10;247,00
551;"PIZZA CON POMODORO E MOZZARELLA";5,60;52,90;5,60;11,00;3,80;271,00
552;"POLENTA";4,40;40,80;1,40;0,00;1,30;183,00
553;"POLLO, INTERO";19,10;0,00;11,00;81,00;0,00;175,00
554;"POLLO, ALI";20,30;0,00;12,40;89,00;0,00;193,00
555;"POLLO, COSCIA";17,90;0,00;6,50;88,00;0,00;130,00
556;"POLLO, FEGATINI";20,50;-2,00;4,50;555,00;0,00;122,00
557;"POLLO, PETTO";22,20;0,00;0,90;67,00;0,00;97,00
558;"POLLO, REGAGLIE";13,90;0,10;15,60;292,00;0,00;196,00
559;"POLPO";10,60;1,40;1,00;140,00;0,00;57,00
560;"POLPO SURGELATO";12,40;-2,00;0,20;140,00;0,00;51,00
561;"POMODORI DA INSALATA";1,20;2,80;0,20;0,00;1,10;17,00
562;"POMODORI MATURI";1,00;3,50;0,20;0,00;0,90;19,00
563;"POMODORI SECCHI";14,10;43,50;3,00;0,00;12,30;258,00
564;"POMODORI SOTT'OLIO";5,10;17,50;14,10;0,00;5,80;213,00
565;"POMODORI, PELATI, IN SCATOLA CON LIQUIDO";1,20;3,00;0,50;0,00;0,90;21,00
566;"POMODORO, CONCENTRATO (sostanza secca 18%)";0,90;11,40;0,40;0,00;2,30;50,00
567;"POMODORO, CONCENTRATO (sostanza secca 25%)";4,40;16,40;0,60;0,00;2,50;71,00
568;"POMODORO, CONSERVA (sostanza secca 30%)";3,90;20,40;0,40;0,00;2,00;96,00
569;"POMPELMO";0,60;6,20;0,00;0,00;1,60;26,00
570;"POMPELMO ROSA";0,60;7,70;0,10;0,00;1,60;30,00
571;"POP CORN";12,70;76,70;5,00;0,00;2,20;383,00
572;"PORRI";2,10;5,20;0,10;0,00;2,90;29,00
573;"PORTO";0,10;12,00;0,00;0,00;0,00;157,00
574;"PREZZEMOLO, fresco";3,70;-2,00;0,60;0,00;5,60;20,00
575;"PREZZEMOLO, secco";15,80;14,50;7,00;0,00;44,70;181,00
576;"PROSCIUTTO COTTO";19,80;0,90;14,70;62,00;0,00;215,00
577;"PROSCIUTTO COTTO, AFFUMICATO";19,80;0,90;14,70;62,00;0,00;215,00
578;"PROSCIUTTO COTTO, MAGRO";22,20;1,00;4,40;62,00;0,00;132,00
579;"PROSCIUTTO CRUDO";22,20;0,00;31,20;92,00;0,00;370,00
580;"PROSCIUTTO CRUDO, AFFUMICATO";28,60;0,00;11,50;66,00;0,00;218,00
581;"PROSCIUTTO CRUDO, MAGRO";28,60;0,00;11,50;66,00;0,00;218,00
582;"PROVOLA AFFUMICATA";21,20;-2,00;19,60;90,00;0,00;260,00
583;"PROVOLONCINO DOLCE";25,00;2,10;26,60;101,00;0,00;348,00
584;"PROVOLONE";26,30;2,10;28,90;101,00;0,00;374,00
585;"PROVOLONE PICCANTE";29,40;2,10;30,40;101,00;0,00;400,00
586;"PRUGNE";0,50;10,50;0,10;0,00;1,40;42,00
587;"PRUGNE REGINA CLAUDIA";0,80;9,70;0,10;0,00;2,30;41,00
588;"PRUGNE, secche";2,20;55,00;0,50;0,00;9,00;220,00
589;"QUAGLIA";25,00;0,00;6,80;100,00;0,00;161,00
590;"RADICCHIO ROSSO";1,40;1,60;0,10;0,00;3,00;13,00
591;"RADICCHIO VERDE";1,90;0,50;0,50;0,00;1,00;14,00
592;"RANA";15,50;0,00;0,20;50,00;0,00;64,00
593;"RANA PESCATRICE";12,80;0,60;1,00;50,00;0,00;63,00
594;"RAPE";1,00;3,80;0,00;0,00;2,60;18,00
595;"RAVANELLI";0,80;1,80;0,10;0,00;1,30;11,00
596;"RAZZA";14,20;0,70;0,90;70,00;0,00;68,00
597;"RHUM";0,00;0,00;0,00;0,00;0,00;222,00
598;"RIBES NERO";0,90;6,60;-2,00;0,00;7,80;28,00
599;"RIBES ROSSO";1,10;4,40;-2,00;0,00;7,40;21,00
600;"RICOTTA DI PECORA";8,40;3,20;25,10;51,00;0,00;271,00
601;"RICOTTA DI VACCA";12,20;4,00;8,00;32,00;0,00;136,00
602;"RICOTTA DI VACCA E PECORA";10,30;3,60;16,60;42,00;0,00;204,00
603;"RICOTTA INTERA, TIPO TEDESCO";12,50;3,60;5,10;32,00;0,00;109,00
604;"RICOTTA MAGRA TIPO TEDESCO";13,50;4,10;0,20;32,00;0,00;72,00
605;"RISO, BRILLATO";7,00;87,60;0,60;0,00;1,40;362,00
606;"RISO SOFFIATO";6,10;89,70;0,90;0,00;1,10;369,00
607;"RISO, SBRAMATO (INTEGRALE)";6,70;81,30;2,80;0,00;3,80;357,00
608;"RISO, TIPO PARBOILED";6,70;79,30;1,00;0,00;2,20;364,00
609;"ROBIOLA";18,90;-2,00;25,90;90,00;0,00;309,00
610;"ROCHEFORT";19,70;-2,00;32,90;90,00;0,00;375,00
611;"ROMBO";16,30;1,20;1,30;70,00;0,00;81,00
612;"ROSMARINO, fresco";1,40;13,50;4,40;0,00;7,70;96,00
613;"ROSMARINO, secco";4,90;46,40;15,20;0,00;17,70;331,00
614;"RUCOLA";2,60;2,10;0,70;0,00;1,60;25,00
615;"SALAME CACCIATORE";28,50;1,20;34,00;99,00;0,00;424,00
616;"SALAME DA CUOCERE";36,00;1,50;19,60;60,00;0,00;326,00
617;"SALAME DI SUINO";22,50;0,00;42,80;90,00;0,00;475,00
618;"SALAME DI SUINO E BOVINO";27,40;0,00;38,30;55,00;0,00;454,00
619;"SALAME FABRIANO";26,50;1,50;34,30;88,00;0,00;421,00
620;"SALAME FELINO";30,50;0,50;27,90;95,00;0,00;375,00
621;"SALAME MILANO";26,70;1,50;30,90;90,00;0,00;390,00
622;"SALAME NAPOLI";26,70;1,70;27,30;86,00;0,00;358,00
623;"SALAME NOSTRANO";27,30;1,10;28,50;94,00;0,00;370,00
624;"SALAME UNGHERESE";24,20;0,70;34,00;94,00;0,00;406,00
625;"SALATINI";7,20;71,10;24,30;0,00;3,30;514,00
626;"SALE da cucina";0,00;0,00;0,00;0,00;0,00;0,00
627;"SALMONE";20,20;0,00;11,00;50,00;0,00;180,00
628;"SALMONE AFFUMICATO";25,40;0,00;4,50;35,00;0,00;142,00
629;"SALMONE IN SALAMOIA";21,10;0,00;11,50;35,00;0,00;188,00
630;"SALSICCIA DI FEGATO";12,40;0,90;41,20;183,00;0,00;424,00
631;"SALSICCIA DI SUINO E BOVINO, fresca";14,20;0,00;37,40;55,00;0,00;394,00
632;"SALSICCIA DI SUINO, fresca";15,40;0,60;26,70;62,00;0,00;304,00
633;"SALSICCIA DI SUINO, secca";22,00;0,00;47,30;62,00;0,00;514,00
634;"SALVIA, fresca";3,90;15,60;4,60;0,00;14,70;119,00
635;"SALVIA, secca macinata";10,60;42,70;12,70;0,00;18,10;315,00
636;"SARAGO";15,00;1,00;4,40;70,00;0,00;103,00
637;"SARDA";20,80;1,50;4,50;84,00;0,00;129,00
638;"SARDINE SALATE";25,10;0,00;3,60;60,00;0,00;133,00
639;"SARDINE SOTT'OLIO";22,30;0,00;12,10;140,00;0,00;198,00
640;"SCALOGNO";1,50;3,30;0,20;0,00;1,50;20,00
641;"SCAMORZA";22,70;7,20;10,10;65,00;0,00;209,00
642;"SCAMORZA AFFUMICATA";22,70;7,20;10,10;65,00;0,00;209,00
643;"SCAROLA";1,60;1,70;0,20;0,00;1,50;15,00
644;"SCIROPPO DI MALTO";6,20;71,30;0,00;0,00;0,00;318,00
645;"SCIROPPO PER BIBITE";0,30;79,00;0,00;0,00;0,00;297,00
646;"SCORZONERA";1,30;10,20;0,30;0,00;3,20;27,00
647;"SEDANO";2,30;2,40;0,20;0,00;1,60;20,00
648;"SEDANO RAPA";1,90;3,80;0,10;0,00;5,10;23,00
649;"SEGO DI BUE";0,80;0,00;96,50;109,00;0,00;872,00
650;"SEMOLA";11,50;77,60;0,50;0,00;3,60;341,00
651;"SEPPIA";14,00;0,70;1,50;110,00;0,00;72,00
652;"SEPPIA SURGELATA";14,10;0,70;0,40;110,00;0,00;63,00
653;"SGOMBRO O MACCARELLO";17,00;0,00;11,10;95,00;0,00;168,00
654;"SGOMBRO O MACCARELLO IN SALAMOIA";19,30;0,00;11,10;32,00;0,00;177,00
655;"SGOMBRO, FILETTI SOTT'OLIO";25,30;1,00;10,70;94,00;0,00;201,00
656;"SHOYU, salsa di soia e grano";5,20;7,70;0,10;0,00;0,80;53,00
657;"SODA DOLCE";-2,00;5,80;0,00;0,00;0,00;22,00
658;"SOFFICINI AL FORMAGGIO SURGELATI";7,20;28,60;15,80;31,00;1,40;278,00
659;"SOGLIOLA";16,90;0,80;1,70;57,00;0,00;86,00
660;"SOGLIOLA SURGELATA";17,30;0,80;1,30;44,00;0,00;84,00
661;"SOIA, SEMI";36,90;23,30;18,10;0,00;11,90;398,00
662;"SOIA, BISTECCA";47,00;20,90;1,20;0,00;17,50;329,00
663;"SOIA, GERMOGLI";6,20;3,00;1,40;0,00;1,10;49,00
664;"SOTTILETTE";20,80;0,90;27,00;85,00;0,00;330,00
665;"SPECK";28,30;0,50;20,90;90,00;0,00;301,00
666;"SPIGOLA";16,50;0,60;1,50;64,00;0,00;82,00
667;"SPINACI";3,40;3,00;0,70;0,00;1,90;31,00
668;"SPINACI IN SCATOLA";2,80;0,80;0,50;0,00;3,10;19,00
669;"SPREMUTA DI ARANCIA";0,50;8,20;0,00;0,00;0,00;33,00
670;"SPREMUTA DI POMPELMO";0,30;7,90;-2,00;0,00;0,00;30,00
671;"SPUMANTI AROMATICI";0,20;5,10;0,00;0,00;0,00;82,00
672;"SPUMANTI DEMI-SEC";0,10;2,50;0,00;0,00;0,00;71,00
673;"SPUMANTI SECCHI";0,10;0,70;0,00;0,00;0,00;65,00
674;"STARNA, COSCIO";26,40;0,00;2,60;86,00;0,00;113,00
675;"STOCCAFISSO, ammollato";20,70;0,30;0,90;50,00;0,00;92,00
676;"STOCCAFISSO, secco";80,10;1,10;3,50;82,00;0,00;358,00
677;"STRACCHINO";18,50;-2,00;25,10;90,00;0,00;300,00
678;"STRUTTO O SUGNA";0,30;0,00;99,00;95,00;0,00;892,00
679;"SUCCO DI ALBICOCCA, CONSERVATO";0,30;12,00;0,10;0,00;0,20;47,00
680;"SUCCO DI ANANAS, CONSERVATO";0,30;13,60;0,10;0,00;0,20;56,00
681;"SUCCO DI ARANCIA E POMPELMO non zuccherato";0,60;10,20;0,10;0,00;0,10;43,00
682;"SUCCO DI ARANCIA, CONCENTRATO";2,90;44,90;0,50;0,00;-2,00;185,00
683;"SUCCO DI ARANCIA, CONSERVATO, non zuccherato";0,50;8,80;0,10;0,00;0,10;36,00
684;"SUCCO DI BARBABIETOLA, FRESCO";0,80;2,90;0,00;0,00;1,90;14,00
685;"SUCCO DI CAROTE, CONSERVATO";0,50;5,70;0,10;0,00;0,60;24,00
686;"SUCCO DI FRUTTA, CONSERVATO";0,30;14,50;0,10;0,00;0,20;56,00
687;"SUCCO DI LIMONE, CONSERVATO";0,40;6,10;0,30;0,00;0,40;21,00
688;"SUCCO DI LIMONE, FRESCO";0,20;1,40;0,00;0,00;0,00;6,00
689;"SUCCO DI MANDARINO, CONSERVATO, non zuccherato";0,50;11,80;0,20;0,00;0,20;50,00
690;"SUCCO DI MANDARINO, FRESCO";0,50;9,90;0,20;0,00;0,20;43,00
691;"SUCCO DI MELA, CONSERVATO, non zuccherato";0,10;9,90;0,10;0,00;-2,00;38,00
692;"SUCCO DI MELAGRANA, FRESCO";0,20;11,60;-2,00;0,00;-2,00;44,00
693;"SUCCO DI PERA, CONSERVATO";0,10;15,20;-2,00;0,00;0,60;60,00
694;"SUCCO DI PESCA, CONSERVATO";0,30;13,30;-2,00;0,00;0,60;54,00
695;"SUCCO DI POMODORO, CONSERVATO";0,80;3,00;-2,00;0,00;0,60;14,00
696;"SUCCO DI POMPELMO, CONSERVATO, non zuccherato";0,40;8,30;0,10;0,00;-2,00;33,00
697;"SUCCO DI POMPELMO, CONSERVATO, zuccherato";0,60;11,00;0,10;0,00;0,10;46,00
698;"SUCCO DI SPINACI";1,40;0,50;0,30;0,00;0,90;10,00
699;"SUCCO DI UVA, CONSERVATO, non zuccherato";0,30;11,70;0,10;0,00;0,00;46,00
700;"SUCCO TROPICALE, CONSERVATO";0,20;11,60;0,10;0,00;0,00;47,00
701;"SUINO, CARNE SEMIGRASSA";17,20;0,00;22,10;62,00;0,00;268,00
702;"SUINO, BISTECCA";18,30;0,00;3,00;60,00;0,00;100,00
703;"SUINO, CARNE MAGRA";19,90;0,00;6,80;60,00;0,00;141,00
704;"SUINO, COSCIO";18,70;0,00;3,00;60,00;0,00;102,00
705;"SUINO, CUORE";18,30;0,40;9,40;79,00;0,00;159,00
706;"SUINO, FEGATO";22,80;1,50;4,80;403,00;0,00;140,00
707;"SUINO, SANGUE";19,00;0,10;0,20;46,00;0,00;78,00
708;"SURIMI";15,20;6,90;0,90;30,00;0,00;99,00
709;"TACCHINA, PETTO";22,00;0,40;6,20;57,00;0,00;145,00
710;"TACCHINA, ALA";22,30;0,00;16,90;78,00;0,00;241,00
711;"TACCHINA, COSCIA";20,90;0,40;18,70;86,00;0,00;253,00
712;"TACCHINO, INTERO";21,00;0,10;6,80;82,00;0,00;146,00
713;"TACCHINO, ALA";22,30;0,00;11,50;78,00;0,00;193,00
714;"TACCHINO, COSCIA";20,90;0,40;11,20;86,00;0,00;186,00
715;"TACCHINO, PETTO";22,00;0,40;4,90;57,00;0,00;134,00
716;"TALEGGIO";20,60;-2,00;24,80;90,00;0,00;306,00
717;"TAMARI, salsa di soia";10,50;4,80;0,10;0,00;0,80;60,00
718;"TAPIOCA";0,60;95,80;0,20;0,00;0,40;363,00
719;"TARTUFO NERO";6,00;0,70;0,50;0,00;8,50;31,00
720;"TE' DETEINATO, in foglie";19,60;3,00;2,00;0,00;0,00;108,00
721;"TE' DETEINATO, in tazza";0,10;-2,00;-2,00;0,00;0,00;-2,00
722;"TE', in foglie";19,60;3,00;2,00;0,00;44,70;108,00
723;"TE', in tazza";0,10;-2,00;-2,00;0,00;0,00;-2,00
724;"TEMPEH";20,70;6,40;6,40;0,00;4,10;166,00
725;"TIMO, fresco";3,00;15,10;2,50;0,00;12,30;95,00
726;"TIMO, secco macinato";9,10;45,30;7,40;0,00;18,60;276,00
727;"TINCA";17,90;0,00;0,50;29,00;0,00;76,00
728;"TIRAMISU'";13,20;33,50;25,80;197,00;7,50;411,00
729;"TISANA IN TAZZA";0,00;0,20;-2,00;0,00;0,00;1,00
730;"TOFU";8,10;0,70;4,80;0,00;1,20;76,00
731;"TONNO";21,50;0,00;8,00;27,00;0,00;158,00
732;"TONNO IN SALAMOIA, SGOCCIOLATO";25,10;0,00;0,30;63,00;0,00;103,00
733;"TONNO SOTT'OLIO, SGOCCIOLATO";22,80;0,00;18,50;65,00;0,00;258,00
734;"TORDO";20,10;0,00;7,70;86,00;0,00;143,00
735;"TORRONE CON MANDORLE";10,80;52,00;26,80;0,00;1,90;479,00
736;"TORTA AL CIOCCOLATO";4,90;36,80;17,50;58,00;3,60;315,00
737;"TORTA MARGHERITA";8,90;63,60;10,40;168,00;1,00;368,00
738;"TORTELLINI, freschi";12,20;52,60;7,10;177,00;1,30;310,00
739;"TORTELLINI, secchi";15,70;61,00;10,80;271,00;2,00;389,00
740;"TRIGLIA";15,80;1,10;6,20;94,00;0,00;123,00
741;"TROTA";14,70;0,00;3,00;55,00;0,00;86,00
742;"UOVO DI ANATRA";12,20;0,70;15,40;887,00;0,00;190,00
743;"UOVO DI GALLINA, ALBUME";10,90;0,80;-2,00;0,00;0,00;47,00
744;"UOVO DI GALLINA, INTERO";13,00;1,00;11,10;504,00;0,00;156,00
745;"UOVO DI GALLINA, INTERO, IN POLVERE";47,00;4,10;41,20;1900,00;0,00;574,00
746;"UOVO DI GALLINA, TUORLO";16,30;0,70;31,90;1480,00;0,00;355,00
747;"UOVO DI OCA";13,80;1,00;14,40;852,00;0,00;189,00
748;"UOVO DI TACCHINA";12,80;1,00;10,20;801,00;0,00;147,00
749;"UVA";0,50;15,60;0,10;0,00;1,50;61,00
750;"UVA SULTANINA/UVETTA, UVA SECCA";1,90;72,00;0,60;0,00;6,80;283,00
751;"VALERIANA";2,00;3,60;0,40;0,00;1,50;21,00
752;"VANIGLIA, estratto alcolico";0,10;12,70;0,10;0,00;0,00;288,00
753;"VENTAGLIO O PETTINE";16,80;2,40;0,80;33,00;0,00;88,00
754;"VERDURA E LEGUMI, SURGELATI";3,30;9,50;0,50;0,00;4,00;64,00
755;"VERMOUTH DOLCE";-2,00;15,90;0,00;0,00;0,00;151,00
756;"VERMOUTH SECCO";0,10;3,00;0,00;0,00;0,00;109,00
757;"VINO BIANCO";0,10;0,10;0,00;0,00;0,00;71,00
758;"VINO ROSATO";0,10;2,50;0,00;0,00;0,00;71,00
759;"VINO ROSSO";0,10;0,20;0,00;0,00;0,00;76,00
760;"VITELLO, CARNE MAGRA";20,70;0,10;1,00;70,00;0,00;92,00
761;"VITELLO, CARNE SEMIGRASSA";20,30;0,00;7,00;62,00;0,00;144,00
762;"VITELLO, CORATELLA";17,10;1,60;3,20;236,00;0,00;103,00
763;"VITELLONE, CARNE SEMIGRASSA";19,10;0,00;9,30;70,00;0,00;160,00
764;"VITELLONE, CARNE GRASSA";18,10;0,00;14,60;71,00;0,00;204,00
765;"VITELLONE, CARNE MAGRA";21,30;0,00;3,10;70,00;0,00;113,00
766;"VITELLONE, tagli di carne grassa";20,20;0,00;8,30;62,00;0,00;155,00
767;"VITELLONE, tagli di carne magra";21,30;0,00;2,80;50,00;0,00;108,00
768;"VITELLONE, tagli di carne semigrassa";21,50;0,00;6,10;54,00;0,00;140,00
769;"VODKA";0,00;0,00;0,00;0,00;0,00;222,00
770;"VONGOLA";10,20;2,20;2,50;50,00;0,00;72,00
771;"VONGOLE IN SCATOLA, AL NATURALE";25,60;5,10;2,00;67,00;0,00;148,00
772;"WAKAME, secca";12,40;-2,00;2,40;0,00;47,10;71,00
773;"WHISKY";0,00;0,10;0,00;0,00;0,00;238,00
774;"WURSTEL";13,70;1,40;23,30;62,00;0,00;270,00
775;"WURSTEL DI POLLO";12,90;6,80;19,50;101,00;0,00;257,00
776;"WURSTEL DI TACCHINO";14,30;1,50;17,70;107,00;0,00;226,00
777;"YOGURT DI LATTE INTERO";3,50;3,60;3,90;18,00;0,00;63,00
778;"YOGURT DI LATTE INTERO AI CEREALI E MALTO";3,50;12,90;3,60;16,00;0,20;95,00
779;"YOGURT DI LATTE INTERO ALLA FRUTTA";2,80;12,60;3,30;7,00;0,20;88,00
780;"YOGURT DI LATTE MAGRO ALLA FRUTTA";4,10;17,90;0,70;4,00;0,20;90,00
781;"YOGURT DI LATTE PARZIALMENTE SCREMATO";3,40;3,80;1,70;8,00;0,00;43,00
782;"YOGURT DI LATTE SCREMATO";3,30;4,00;0,90;4,00;0,00;36,00
783;"ZAFFERANO";11,40;61,50;5,90;0,00;3,90;310,00
784;"ZAMPONE";19,10;0,00;31,60;95,00;0,00;360,00
785;"ZUCCA GIALLA";1,10;3,50;0,10;0,00;0,50;18,00
786;"ZUCCHERO (Saccarosio)";0,00;104,50;0,00;0,00;0,00;392,00
787;"ZUCCHERO DI CANNA, GREZZO";0,10;101,30;0,00;0,00;0,00;362,00
788;"ZUCCHINE";1,30;1,40;0,10;0,00;1,30;11,00